-- =============================================================================
-- Seed: demo.sql
-- Description: Realistic seed data for a fictional SaaS company "Acme Corp".
--
-- NOTE: The auth_id values are placeholders. In a real environment, map them
-- to actual Supabase Auth user IDs for RLS policies to work. You can run this
-- seed with the service_role key which bypasses RLS.
-- =============================================================================

BEGIN;

-- =============================================================================
-- ORGANIZATION
-- =============================================================================
INSERT INTO public.organizations (id, name, slug, domain, stripe_customer_id) VALUES
  ('a0000000-0000-0000-0000-000000000001', 'Acme Corp', 'acme', 'acme.io', 'cus_acme_demo_001');

-- =============================================================================
-- USERS (5 users across 3 teams)
-- =============================================================================
INSERT INTO public.users (id, org_id, auth_id, email, full_name, timezone) VALUES
  ('b0000000-0000-0000-0000-000000000001', 'a0000000-0000-0000-0000-000000000001', 'c0000000-0000-0000-0000-000000000001', 'sarah@acme.io',   'Sarah Chen',      'America/New_York'),
  ('b0000000-0000-0000-0000-000000000002', 'a0000000-0000-0000-0000-000000000001', 'c0000000-0000-0000-0000-000000000002', 'marcus@acme.io',  'Marcus Johnson',   'America/Chicago'),
  ('b0000000-0000-0000-0000-000000000003', 'a0000000-0000-0000-0000-000000000001', 'c0000000-0000-0000-0000-000000000003', 'priya@acme.io',   'Priya Patel',      'America/Los_Angeles'),
  ('b0000000-0000-0000-0000-000000000004', 'a0000000-0000-0000-0000-000000000001', 'c0000000-0000-0000-0000-000000000004', 'james@acme.io',   'James Wright',     'America/New_York'),
  ('b0000000-0000-0000-0000-000000000005', 'a0000000-0000-0000-0000-000000000001', 'c0000000-0000-0000-0000-000000000005', 'elena@acme.io',   'Elena Rodriguez',  'America/Denver');

-- =============================================================================
-- TEAMS
-- =============================================================================
INSERT INTO public.teams (id, org_id, name, description) VALUES
  ('d0000000-0000-0000-0000-000000000001', 'a0000000-0000-0000-0000-000000000001', 'Sales',       'Revenue team'),
  ('d0000000-0000-0000-0000-000000000002', 'a0000000-0000-0000-0000-000000000001', 'Engineering', 'Product and platform'),
  ('d0000000-0000-0000-0000-000000000003', 'a0000000-0000-0000-0000-000000000001', 'Support',     'Customer success');

-- =============================================================================
-- MEMBERSHIPS
-- =============================================================================
INSERT INTO public.memberships (id, org_id, user_id, team_id, role, status) VALUES
  ('e0000000-0000-0000-0000-000000000001', 'a0000000-0000-0000-0000-000000000001', 'b0000000-0000-0000-0000-000000000001', 'd0000000-0000-0000-0000-000000000001', 'owner',  'active'),
  ('e0000000-0000-0000-0000-000000000002', 'a0000000-0000-0000-0000-000000000001', 'b0000000-0000-0000-0000-000000000002', 'd0000000-0000-0000-0000-000000000001', 'admin',  'active'),
  ('e0000000-0000-0000-0000-000000000003', 'a0000000-0000-0000-0000-000000000001', 'b0000000-0000-0000-0000-000000000003', 'd0000000-0000-0000-0000-000000000002', 'admin',  'active'),
  ('e0000000-0000-0000-0000-000000000004', 'a0000000-0000-0000-0000-000000000001', 'b0000000-0000-0000-0000-000000000004', 'd0000000-0000-0000-0000-000000000002', 'member', 'active'),
  ('e0000000-0000-0000-0000-000000000005', 'a0000000-0000-0000-0000-000000000001', 'b0000000-0000-0000-0000-000000000005', 'd0000000-0000-0000-0000-000000000003', 'member', 'active');

-- =============================================================================
-- COMPANIES (8 companies)
-- =============================================================================
INSERT INTO public.companies (id, org_id, owner_id, name, domain, industry, size, website, annual_revenue) VALUES
  ('f1000000-0000-0000-0000-000000000001', 'a0000000-0000-0000-0000-000000000001', 'b0000000-0000-0000-0000-000000000001', 'TechVista Solutions',  'techvista.com',     'Technology',      '51-200',   'https://techvista.com',     850000000),
  ('f1000000-0000-0000-0000-000000000002', 'a0000000-0000-0000-0000-000000000001', 'b0000000-0000-0000-0000-000000000002', 'GreenLeaf Analytics', 'greenleaf.io',      'Data Analytics',  '11-50',    'https://greenleaf.io',      120000000),
  ('f1000000-0000-0000-0000-000000000003', 'a0000000-0000-0000-0000-000000000001', 'b0000000-0000-0000-0000-000000000001', 'Meridian Health',     'meridianhealth.co', 'Healthcare',      '201-500',  'https://meridianhealth.co', 2400000000),
  ('f1000000-0000-0000-0000-000000000004', 'a0000000-0000-0000-0000-000000000001', 'b0000000-0000-0000-0000-000000000002', 'Pinnacle Finance',    'pinnaclefin.com',   'Financial Services','501-1000','https://pinnaclefin.com',   5000000000),
  ('f1000000-0000-0000-0000-000000000005', 'a0000000-0000-0000-0000-000000000001', 'b0000000-0000-0000-0000-000000000001', 'Blueline Logistics',  'blueline.co',       'Logistics',       '51-200',   'https://blueline.co',       340000000),
  ('f1000000-0000-0000-0000-000000000006', 'a0000000-0000-0000-0000-000000000001', 'b0000000-0000-0000-0000-000000000002', 'NovaBright Media',    'novabright.com',    'Media',           '11-50',    'https://novabright.com',    45000000),
  ('f1000000-0000-0000-0000-000000000007', 'a0000000-0000-0000-0000-000000000001', 'b0000000-0000-0000-0000-000000000001', 'Orion Aerospace',     'orionaero.com',     'Aerospace',       '1001-5000','https://orionaero.com',     12000000000),
  ('f1000000-0000-0000-0000-000000000008', 'a0000000-0000-0000-0000-000000000001', 'b0000000-0000-0000-0000-000000000002', 'Redwood Education',   'redwoodedu.org',    'Education',       '11-50',    'https://redwoodedu.org',    8000000);

-- =============================================================================
-- CONTACTS (20 contacts across 8 companies)
-- =============================================================================
INSERT INTO public.contacts (id, org_id, owner_id, first_name, last_name, email, phone, type, title, source) VALUES
  ('f2000000-0000-0000-0000-000000000001', 'a0000000-0000-0000-0000-000000000001', 'b0000000-0000-0000-0000-000000000001', 'Alice',    'Nakamura',  'alice@techvista.com',       '+1-555-0101', 'customer',  'VP Engineering',     'website'),
  ('f2000000-0000-0000-0000-000000000002', 'a0000000-0000-0000-0000-000000000001', 'b0000000-0000-0000-0000-000000000001', 'Bob',      'Martinez',  'bob@techvista.com',         '+1-555-0102', 'customer',  'CTO',                'referral'),
  ('f2000000-0000-0000-0000-000000000003', 'a0000000-0000-0000-0000-000000000001', 'b0000000-0000-0000-0000-000000000002', 'Clara',    'Okonkwo',   'clara@greenleaf.io',        '+1-555-0103', 'prospect',  'Head of Data',       'conference'),
  ('f2000000-0000-0000-0000-000000000004', 'a0000000-0000-0000-0000-000000000001', 'b0000000-0000-0000-0000-000000000002', 'David',    'Kim',       'david@greenleaf.io',        '+1-555-0104', 'prospect',  'Data Engineer',      'conference'),
  ('f2000000-0000-0000-0000-000000000005', 'a0000000-0000-0000-0000-000000000001', 'b0000000-0000-0000-0000-000000000001', 'Emily',    'Johansson', 'emily@meridianhealth.co',   '+1-555-0105', 'lead',      'CIO',                'cold_outreach'),
  ('f2000000-0000-0000-0000-000000000006', 'a0000000-0000-0000-0000-000000000001', 'b0000000-0000-0000-0000-000000000001', 'Frank',    'Dubois',    'frank@meridianhealth.co',   '+1-555-0106', 'lead',      'IT Director',        'cold_outreach'),
  ('f2000000-0000-0000-0000-000000000007', 'a0000000-0000-0000-0000-000000000001', 'b0000000-0000-0000-0000-000000000002', 'Grace',    'Abadi',     'grace@pinnaclefin.com',     '+1-555-0107', 'customer',  'COO',                'referral'),
  ('f2000000-0000-0000-0000-000000000008', 'a0000000-0000-0000-0000-000000000001', 'b0000000-0000-0000-0000-000000000002', 'Henry',    'O''Brien',  'henry@pinnaclefin.com',     '+1-555-0108', 'customer',  'VP Operations',      'website'),
  ('f2000000-0000-0000-0000-000000000009', 'a0000000-0000-0000-0000-000000000001', 'b0000000-0000-0000-0000-000000000001', 'Irene',    'Santos',    'irene@blueline.co',         '+1-555-0109', 'prospect',  'Head of Technology', 'trade_show'),
  ('f2000000-0000-0000-0000-000000000010', 'a0000000-0000-0000-0000-000000000001', 'b0000000-0000-0000-0000-000000000001', 'Jack',     'Thompson',  'jack@blueline.co',          '+1-555-0110', 'lead',      'Logistics Manager',  'website'),
  ('f2000000-0000-0000-0000-000000000011', 'a0000000-0000-0000-0000-000000000001', 'b0000000-0000-0000-0000-000000000002', 'Karen',    'Liu',       'karen@novabright.com',      '+1-555-0111', 'prospect',  'Creative Director',  'social'),
  ('f2000000-0000-0000-0000-000000000012', 'a0000000-0000-0000-0000-000000000001', 'b0000000-0000-0000-0000-000000000002', 'Leo',      'Fischer',   'leo@novabright.com',        '+1-555-0112', 'lead',      'Marketing Manager',  'social'),
  ('f2000000-0000-0000-0000-000000000013', 'a0000000-0000-0000-0000-000000000001', 'b0000000-0000-0000-0000-000000000001', 'Monica',   'Vasquez',   'monica@orionaero.com',      '+1-555-0113', 'customer',  'SVP Engineering',    'referral'),
  ('f2000000-0000-0000-0000-000000000014', 'a0000000-0000-0000-0000-000000000001', 'b0000000-0000-0000-0000-000000000001', 'Nathan',   'Gupta',     'nathan@orionaero.com',      '+1-555-0114', 'customer',  'Platform Lead',      'referral'),
  ('f2000000-0000-0000-0000-000000000015', 'a0000000-0000-0000-0000-000000000001', 'b0000000-0000-0000-0000-000000000002', 'Olivia',   'Petrov',    'olivia@orionaero.com',      '+1-555-0115', 'prospect',  'Procurement',        'conference'),
  ('f2000000-0000-0000-0000-000000000016', 'a0000000-0000-0000-0000-000000000001', 'b0000000-0000-0000-0000-000000000002', 'Paul',     'Chang',     'paul@redwoodedu.org',       '+1-555-0116', 'lead',      'Director of Tech',   'website'),
  ('f2000000-0000-0000-0000-000000000017', 'a0000000-0000-0000-0000-000000000001', 'b0000000-0000-0000-0000-000000000001', 'Quinn',    'Russo',     'quinn@redwoodedu.org',      '+1-555-0117', 'lead',      'IT Manager',         'website'),
  ('f2000000-0000-0000-0000-000000000018', 'a0000000-0000-0000-0000-000000000001', 'b0000000-0000-0000-0000-000000000002', 'Rachel',   'Adams',     'rachel@techvista.com',      '+1-555-0118', 'customer',  'Product Manager',    'referral'),
  ('f2000000-0000-0000-0000-000000000019', 'a0000000-0000-0000-0000-000000000001', 'b0000000-0000-0000-0000-000000000001', 'Sam',      'Nguyen',    'sam@greenleaf.io',          '+1-555-0119', 'prospect',  'CEO',                'conference'),
  ('f2000000-0000-0000-0000-000000000020', 'a0000000-0000-0000-0000-000000000001', 'b0000000-0000-0000-0000-000000000002', 'Tara',     'Wilson',    'tara@meridianhealth.co',    '+1-555-0120', 'lead',      'VP Product',         'cold_outreach');

-- =============================================================================
-- CONTACT_COMPANIES
-- =============================================================================
INSERT INTO public.contact_companies (org_id, contact_id, company_id, title, is_primary) VALUES
  ('a0000000-0000-0000-0000-000000000001', 'f2000000-0000-0000-0000-000000000001', 'f1000000-0000-0000-0000-000000000001', 'VP Engineering',     true),
  ('a0000000-0000-0000-0000-000000000001', 'f2000000-0000-0000-0000-000000000002', 'f1000000-0000-0000-0000-000000000001', 'CTO',                true),
  ('a0000000-0000-0000-0000-000000000001', 'f2000000-0000-0000-0000-000000000003', 'f1000000-0000-0000-0000-000000000002', 'Head of Data',       true),
  ('a0000000-0000-0000-0000-000000000001', 'f2000000-0000-0000-0000-000000000004', 'f1000000-0000-0000-0000-000000000002', 'Data Engineer',      true),
  ('a0000000-0000-0000-0000-000000000001', 'f2000000-0000-0000-0000-000000000005', 'f1000000-0000-0000-0000-000000000003', 'CIO',                true),
  ('a0000000-0000-0000-0000-000000000001', 'f2000000-0000-0000-0000-000000000006', 'f1000000-0000-0000-0000-000000000003', 'IT Director',        true),
  ('a0000000-0000-0000-0000-000000000001', 'f2000000-0000-0000-0000-000000000007', 'f1000000-0000-0000-0000-000000000004', 'COO',                true),
  ('a0000000-0000-0000-0000-000000000001', 'f2000000-0000-0000-0000-000000000008', 'f1000000-0000-0000-0000-000000000004', 'VP Operations',      true),
  ('a0000000-0000-0000-0000-000000000001', 'f2000000-0000-0000-0000-000000000009', 'f1000000-0000-0000-0000-000000000005', 'Head of Technology', true),
  ('a0000000-0000-0000-0000-000000000001', 'f2000000-0000-0000-0000-000000000010', 'f1000000-0000-0000-0000-000000000005', 'Logistics Manager',  true),
  ('a0000000-0000-0000-0000-000000000001', 'f2000000-0000-0000-0000-000000000011', 'f1000000-0000-0000-0000-000000000006', 'Creative Director',  true),
  ('a0000000-0000-0000-0000-000000000001', 'f2000000-0000-0000-0000-000000000012', 'f1000000-0000-0000-0000-000000000006', 'Marketing Manager',  true),
  ('a0000000-0000-0000-0000-000000000001', 'f2000000-0000-0000-0000-000000000013', 'f1000000-0000-0000-0000-000000000007', 'SVP Engineering',    true),
  ('a0000000-0000-0000-0000-000000000001', 'f2000000-0000-0000-0000-000000000014', 'f1000000-0000-0000-0000-000000000007', 'Platform Lead',      true),
  ('a0000000-0000-0000-0000-000000000001', 'f2000000-0000-0000-0000-000000000015', 'f1000000-0000-0000-0000-000000000007', 'Procurement',        true),
  ('a0000000-0000-0000-0000-000000000001', 'f2000000-0000-0000-0000-000000000016', 'f1000000-0000-0000-0000-000000000008', 'Director of Tech',   true),
  ('a0000000-0000-0000-0000-000000000001', 'f2000000-0000-0000-0000-000000000017', 'f1000000-0000-0000-0000-000000000008', 'IT Manager',         true),
  ('a0000000-0000-0000-0000-000000000001', 'f2000000-0000-0000-0000-000000000018', 'f1000000-0000-0000-0000-000000000001', 'Product Manager',    true),
  ('a0000000-0000-0000-0000-000000000001', 'f2000000-0000-0000-0000-000000000019', 'f1000000-0000-0000-0000-000000000002', 'CEO',                true),
  ('a0000000-0000-0000-0000-000000000001', 'f2000000-0000-0000-0000-000000000020', 'f1000000-0000-0000-0000-000000000003', 'VP Product',         true);

-- =============================================================================
-- PIPELINES & STAGES
-- =============================================================================

-- Sales pipeline
INSERT INTO public.pipelines (id, org_id, name, description, is_default) VALUES
  ('a1000000-0000-0000-0000-000000000001', 'a0000000-0000-0000-0000-000000000001', 'Sales', 'Main sales pipeline', true);

INSERT INTO public.pipeline_stages (id, org_id, pipeline_id, name, position, color, is_terminal) VALUES
  ('a2000000-0000-0000-0000-000000000001', 'a0000000-0000-0000-0000-000000000001', 'a1000000-0000-0000-0000-000000000001', 'Lead',       0, '#94a3b8', false),
  ('a2000000-0000-0000-0000-000000000002', 'a0000000-0000-0000-0000-000000000001', 'a1000000-0000-0000-0000-000000000001', 'Qualified',  1, '#60a5fa', false),
  ('a2000000-0000-0000-0000-000000000003', 'a0000000-0000-0000-0000-000000000001', 'a1000000-0000-0000-0000-000000000001', 'Proposal',   2, '#f59e0b', false),
  ('a2000000-0000-0000-0000-000000000004', 'a0000000-0000-0000-0000-000000000001', 'a1000000-0000-0000-0000-000000000001', 'Negotiation',3, '#f97316', false),
  ('a2000000-0000-0000-0000-000000000005', 'a0000000-0000-0000-0000-000000000001', 'a1000000-0000-0000-0000-000000000001', 'Closed Won', 4, '#22c55e', true);

-- Recruiting pipeline
INSERT INTO public.pipelines (id, org_id, name, description) VALUES
  ('a1000000-0000-0000-0000-000000000002', 'a0000000-0000-0000-0000-000000000001', 'Recruiting', 'Engineering hiring pipeline');

INSERT INTO public.pipeline_stages (id, org_id, pipeline_id, name, position, color, is_terminal) VALUES
  ('a2000000-0000-0000-0000-000000000006', 'a0000000-0000-0000-0000-000000000001', 'a1000000-0000-0000-0000-000000000002', 'Applied',     0, '#94a3b8', false),
  ('a2000000-0000-0000-0000-000000000007', 'a0000000-0000-0000-0000-000000000001', 'a1000000-0000-0000-0000-000000000002', 'Screening',   1, '#60a5fa', false),
  ('a2000000-0000-0000-0000-000000000008', 'a0000000-0000-0000-0000-000000000001', 'a1000000-0000-0000-0000-000000000002', 'Interview',   2, '#f59e0b', false),
  ('a2000000-0000-0000-0000-000000000009', 'a0000000-0000-0000-0000-000000000001', 'a1000000-0000-0000-0000-000000000002', 'Offer',       3, '#22c55e', true);

-- =============================================================================
-- DEALS (5 deals in various stages)
-- =============================================================================
INSERT INTO public.deals (id, org_id, pipeline_id, stage_id, owner_id, contact_id, company_id, title, value, currency, status, expected_close_date, created_at) VALUES
  ('a3000000-0000-0000-0000-000000000001', 'a0000000-0000-0000-0000-000000000001', 'a1000000-0000-0000-0000-000000000001', 'a2000000-0000-0000-0000-000000000004', 'b0000000-0000-0000-0000-000000000001', 'f2000000-0000-0000-0000-000000000001', 'f1000000-0000-0000-0000-000000000001', 'TechVista Enterprise License',     12000000, 'USD', 'open', '2026-05-15', now() - interval '45 days'),
  ('a3000000-0000-0000-0000-000000000002', 'a0000000-0000-0000-0000-000000000001', 'a1000000-0000-0000-0000-000000000001', 'a2000000-0000-0000-0000-000000000002', 'b0000000-0000-0000-0000-000000000002', 'f2000000-0000-0000-0000-000000000003', 'f1000000-0000-0000-0000-000000000002', 'GreenLeaf Analytics Platform',      4500000, 'USD', 'open', '2026-06-01', now() - interval '30 days'),
  ('a3000000-0000-0000-0000-000000000003', 'a0000000-0000-0000-0000-000000000001', 'a1000000-0000-0000-0000-000000000001', 'a2000000-0000-0000-0000-000000000005', 'b0000000-0000-0000-0000-000000000001', 'f2000000-0000-0000-0000-000000000007', 'f1000000-0000-0000-0000-000000000004', 'Pinnacle Finance Annual Contract',  8500000, 'USD', 'won',  '2026-03-01', now() - interval '75 days'),
  ('a3000000-0000-0000-0000-000000000004', 'a0000000-0000-0000-0000-000000000001', 'a1000000-0000-0000-0000-000000000001', 'a2000000-0000-0000-0000-000000000001', 'b0000000-0000-0000-0000-000000000002', 'f2000000-0000-0000-0000-000000000005', 'f1000000-0000-0000-0000-000000000003', 'Meridian Health Pilot',             2000000, 'USD', 'open', '2026-07-01', now() - interval '10 days'),
  ('a3000000-0000-0000-0000-000000000005', 'a0000000-0000-0000-0000-000000000001', 'a1000000-0000-0000-0000-000000000001', 'a2000000-0000-0000-0000-000000000003', 'b0000000-0000-0000-0000-000000000001', 'f2000000-0000-0000-0000-000000000013', 'f1000000-0000-0000-0000-000000000007', 'Orion Aerospace Platform Expansion',25000000, 'USD', 'open', '2026-05-30', now() - interval '60 days');

-- =============================================================================
-- DEAL STAGE HISTORY
-- =============================================================================
INSERT INTO public.deal_stage_history (org_id, deal_id, from_stage_id, to_stage_id, changed_by, changed_at, duration_seconds) VALUES
  ('a0000000-0000-0000-0000-000000000001', 'a3000000-0000-0000-0000-000000000001', NULL,                                  'a2000000-0000-0000-0000-000000000001', 'b0000000-0000-0000-0000-000000000001', now() - interval '45 days', NULL),
  ('a0000000-0000-0000-0000-000000000001', 'a3000000-0000-0000-0000-000000000001', 'a2000000-0000-0000-0000-000000000001', 'a2000000-0000-0000-0000-000000000002', 'b0000000-0000-0000-0000-000000000001', now() - interval '35 days', 864000),
  ('a0000000-0000-0000-0000-000000000001', 'a3000000-0000-0000-0000-000000000001', 'a2000000-0000-0000-0000-000000000002', 'a2000000-0000-0000-0000-000000000003', 'b0000000-0000-0000-0000-000000000001', now() - interval '20 days', 1296000),
  ('a0000000-0000-0000-0000-000000000001', 'a3000000-0000-0000-0000-000000000001', 'a2000000-0000-0000-0000-000000000003', 'a2000000-0000-0000-0000-000000000004', 'b0000000-0000-0000-0000-000000000001', now() - interval '7 days',  1123200),
  ('a0000000-0000-0000-0000-000000000001', 'a3000000-0000-0000-0000-000000000003', NULL,                                  'a2000000-0000-0000-0000-000000000001', 'b0000000-0000-0000-0000-000000000001', now() - interval '75 days', NULL),
  ('a0000000-0000-0000-0000-000000000001', 'a3000000-0000-0000-0000-000000000003', 'a2000000-0000-0000-0000-000000000001', 'a2000000-0000-0000-0000-000000000002', 'b0000000-0000-0000-0000-000000000001', now() - interval '60 days', 1296000),
  ('a0000000-0000-0000-0000-000000000001', 'a3000000-0000-0000-0000-000000000003', 'a2000000-0000-0000-0000-000000000002', 'a2000000-0000-0000-0000-000000000003', 'b0000000-0000-0000-0000-000000000001', now() - interval '45 days', 1296000),
  ('a0000000-0000-0000-0000-000000000001', 'a3000000-0000-0000-0000-000000000003', 'a2000000-0000-0000-0000-000000000003', 'a2000000-0000-0000-0000-000000000004', 'b0000000-0000-0000-0000-000000000001', now() - interval '30 days', 1296000),
  ('a0000000-0000-0000-0000-000000000001', 'a3000000-0000-0000-0000-000000000003', 'a2000000-0000-0000-0000-000000000004', 'a2000000-0000-0000-0000-000000000005', 'b0000000-0000-0000-0000-000000000001', now() - interval '15 days', 1296000);

-- =============================================================================
-- PROJECTS & TASKS
-- =============================================================================
INSERT INTO public.projects (id, org_id, owner_id, name, description, status, priority, starts_at, due_at, created_at) VALUES
  ('a4000000-0000-0000-0000-000000000001', 'a0000000-0000-0000-0000-000000000001', 'b0000000-0000-0000-0000-000000000003', 'Platform v2 Launch',       'Major platform rewrite and feature additions',  'in_progress', 'high',   '2026-02-01', '2026-05-01', now() - interval '68 days'),
  ('a4000000-0000-0000-0000-000000000002', 'a0000000-0000-0000-0000-000000000001', 'b0000000-0000-0000-0000-000000000004', 'Customer Onboarding Flow', 'Redesign the onboarding experience for new customers', 'todo', 'medium', '2026-04-15', '2026-06-01', now() - interval '5 days');

INSERT INTO public.tasks (id, org_id, project_id, assignee_id, creator_id, title, description, status, priority, due_at, position, created_at) VALUES
  ('a5000000-0000-0000-0000-000000000001', 'a0000000-0000-0000-0000-000000000001', 'a4000000-0000-0000-0000-000000000001', 'b0000000-0000-0000-0000-000000000003', 'b0000000-0000-0000-0000-000000000003', 'Design new API schema',          'Define OpenAPI spec for v2 endpoints',       'done',        'high',   '2026-02-28', 0, now() - interval '65 days'),
  ('a5000000-0000-0000-0000-000000000002', 'a0000000-0000-0000-0000-000000000001', 'a4000000-0000-0000-0000-000000000001', 'b0000000-0000-0000-0000-000000000004', 'b0000000-0000-0000-0000-000000000003', 'Implement auth middleware',       'JWT validation and role-based access',       'done',        'high',   '2026-03-15', 1, now() - interval '60 days'),
  ('a5000000-0000-0000-0000-000000000003', 'a0000000-0000-0000-0000-000000000001', 'a4000000-0000-0000-0000-000000000001', 'b0000000-0000-0000-0000-000000000004', 'b0000000-0000-0000-0000-000000000003', 'Build data migration scripts',   'Migrate from v1 schema to v2',               'in_progress', 'high',   '2026-04-01', 2, now() - interval '40 days'),
  ('a5000000-0000-0000-0000-000000000004', 'a0000000-0000-0000-0000-000000000001', 'a4000000-0000-0000-0000-000000000001', 'b0000000-0000-0000-0000-000000000003', 'b0000000-0000-0000-0000-000000000003', 'Load testing and optimization',  'Target: 10k concurrent connections',         'todo',        'medium', '2026-04-15', 3, now() - interval '30 days'),
  ('a5000000-0000-0000-0000-000000000005', 'a0000000-0000-0000-0000-000000000001', 'a4000000-0000-0000-0000-000000000001', 'b0000000-0000-0000-0000-000000000004', 'b0000000-0000-0000-0000-000000000003', 'Write integration tests',        'Cover all v2 API endpoints',                 'in_review',   'high',   '2026-04-10', 4, now() - interval '25 days'),
  ('a5000000-0000-0000-0000-000000000006', 'a0000000-0000-0000-0000-000000000001', 'a4000000-0000-0000-0000-000000000001', 'b0000000-0000-0000-0000-000000000003', 'b0000000-0000-0000-0000-000000000003', 'Deploy to staging',              'Full deployment to staging environment',     'todo',        'high',   '2026-04-20', 5, now() - interval '20 days'),
  ('a5000000-0000-0000-0000-000000000007', 'a0000000-0000-0000-0000-000000000001', 'a4000000-0000-0000-0000-000000000002', 'b0000000-0000-0000-0000-000000000005', 'b0000000-0000-0000-0000-000000000004', 'Design onboarding wireframes',   'Low-fi wireframes for all onboarding steps', 'todo',        'medium', '2026-04-25', 0, now() - interval '5 days'),
  ('a5000000-0000-0000-0000-000000000008', 'a0000000-0000-0000-0000-000000000001', 'a4000000-0000-0000-0000-000000000002', 'b0000000-0000-0000-0000-000000000004', 'b0000000-0000-0000-0000-000000000004', 'Build onboarding API endpoints', 'REST endpoints for onboarding state machine','todo',        'medium', '2026-05-05', 1, now() - interval '5 days'),
  ('a5000000-0000-0000-0000-000000000009', 'a0000000-0000-0000-0000-000000000001', 'a4000000-0000-0000-0000-000000000002', 'b0000000-0000-0000-0000-000000000005', 'b0000000-0000-0000-0000-000000000004', 'Create welcome email sequence',  'Drip campaign for first 7 days',             'todo',        'low',    '2026-05-10', 2, now() - interval '3 days'),
  ('a5000000-0000-0000-0000-000000000010', 'a0000000-0000-0000-0000-000000000001', 'a4000000-0000-0000-0000-000000000002', 'b0000000-0000-0000-0000-000000000004', 'b0000000-0000-0000-0000-000000000004', 'User testing and iteration',     'Test with 5 beta customers and iterate',     'todo',        'medium', '2026-05-20', 3, now() - interval '3 days');

-- Task dependencies
INSERT INTO public.task_dependencies (org_id, task_id, depends_on_id) VALUES
  ('a0000000-0000-0000-0000-000000000001', 'a5000000-0000-0000-0000-000000000002', 'a5000000-0000-0000-0000-000000000001'),
  ('a0000000-0000-0000-0000-000000000001', 'a5000000-0000-0000-0000-000000000003', 'a5000000-0000-0000-0000-000000000002'),
  ('a0000000-0000-0000-0000-000000000001', 'a5000000-0000-0000-0000-000000000005', 'a5000000-0000-0000-0000-000000000003'),
  ('a0000000-0000-0000-0000-000000000001', 'a5000000-0000-0000-0000-000000000006', 'a5000000-0000-0000-0000-000000000005'),
  ('a0000000-0000-0000-0000-000000000001', 'a5000000-0000-0000-0000-000000000008', 'a5000000-0000-0000-0000-000000000007');

-- =============================================================================
-- TICKETS (5 tickets)
-- =============================================================================
INSERT INTO public.tickets (id, org_id, contact_id, assignee_id, creator_id, title, description, status, priority, channel, created_at) VALUES
  ('a6000000-0000-0000-0000-000000000001', 'a0000000-0000-0000-0000-000000000001', 'f2000000-0000-0000-0000-000000000001', 'b0000000-0000-0000-0000-000000000005', 'b0000000-0000-0000-0000-000000000005', 'Cannot export CSV reports',       'Export button returns 500 error on large datasets',  'open',     'high',   'email', now() - interval '2 days'),
  ('a6000000-0000-0000-0000-000000000002', 'a0000000-0000-0000-0000-000000000001', 'f2000000-0000-0000-0000-000000000007', 'b0000000-0000-0000-0000-000000000005', 'b0000000-0000-0000-0000-000000000005', 'SSO configuration not working',   'SAML assertion failing with IdP timeout',            'pending',  'high',   'chat',  now() - interval '5 days'),
  ('a6000000-0000-0000-0000-000000000003', 'a0000000-0000-0000-0000-000000000001', 'f2000000-0000-0000-0000-000000000008', 'b0000000-0000-0000-0000-000000000005', 'b0000000-0000-0000-0000-000000000005', 'Billing invoice formatting',      'Tax line items not showing on PDF invoices',         'resolved', 'medium', 'email', now() - interval '15 days'),
  ('a6000000-0000-0000-0000-000000000004', 'a0000000-0000-0000-0000-000000000001', 'f2000000-0000-0000-0000-000000000013', 'b0000000-0000-0000-0000-000000000004', 'b0000000-0000-0000-0000-000000000005', 'API rate limiting too aggressive', 'Getting 429s at 50 req/min, expected limit is 100',  'open',     'medium', 'email', now() - interval '1 day'),
  ('a6000000-0000-0000-0000-000000000005', 'a0000000-0000-0000-0000-000000000001', 'f2000000-0000-0000-0000-000000000003', 'b0000000-0000-0000-0000-000000000005', 'b0000000-0000-0000-0000-000000000005', 'Feature request: dark mode',      'Multiple users requesting dark mode support',        'closed',   'low',    'chat',  now() - interval '30 days');

-- =============================================================================
-- THREADS & MESSAGES (5 threads, 15 messages)
-- =============================================================================
INSERT INTO public.threads (id, org_id, entity_type, entity_id, subject, channel) VALUES
  ('a7000000-0000-0000-0000-000000000001', 'a0000000-0000-0000-0000-000000000001', 'deal',    'a3000000-0000-0000-0000-000000000001', 'TechVista License Discussion',   'email'),
  ('a7000000-0000-0000-0000-000000000002', 'a0000000-0000-0000-0000-000000000001', 'deal',    'a3000000-0000-0000-0000-000000000005', 'Orion Expansion Scope',          'email'),
  ('a7000000-0000-0000-0000-000000000003', 'a0000000-0000-0000-0000-000000000001', 'ticket',  'a6000000-0000-0000-0000-000000000001', 'RE: CSV Export Issue',            'email'),
  ('a7000000-0000-0000-0000-000000000004', 'a0000000-0000-0000-0000-000000000001', 'contact', 'f2000000-0000-0000-0000-000000000003', 'Intro call follow-up',           'email'),
  ('a7000000-0000-0000-0000-000000000005', 'a0000000-0000-0000-0000-000000000001', 'ticket',  'a6000000-0000-0000-0000-000000000002', 'SSO Troubleshooting',            'chat');

INSERT INTO public.messages (id, org_id, thread_id, author_id, contact_id, direction, body, sent_at) VALUES
  -- Thread 1: TechVista deal
  ('a8000000-0000-0000-0000-000000000001', 'a0000000-0000-0000-0000-000000000001', 'a7000000-0000-0000-0000-000000000001', 'b0000000-0000-0000-0000-000000000001', NULL,                                  'outbound', 'Hi Alice, following up on our call about the enterprise license. I have put together a proposal based on your requirements for 200 seats.', now() - interval '40 days'),
  ('a8000000-0000-0000-0000-000000000002', 'a0000000-0000-0000-0000-000000000001', 'a7000000-0000-0000-0000-000000000001', NULL,                                  'f2000000-0000-0000-0000-000000000001', 'inbound',  'Thanks Sarah. The proposal looks solid. Can we discuss volume discounts for the 200+ tier? Bob will join the next call as well.',             now() - interval '38 days'),
  ('a8000000-0000-0000-0000-000000000003', 'a0000000-0000-0000-0000-000000000001', 'a7000000-0000-0000-0000-000000000001', 'b0000000-0000-0000-0000-000000000001', NULL,                                  'outbound', 'Absolutely. I can offer 15% off at the 200-seat tier. Let me know when works for Bob and I will send a calendar invite.',                     now() - interval '37 days'),
  -- Thread 2: Orion deal
  ('a8000000-0000-0000-0000-000000000004', 'a0000000-0000-0000-0000-000000000001', 'a7000000-0000-0000-0000-000000000002', 'b0000000-0000-0000-0000-000000000001', NULL,                                  'outbound', 'Monica, great meeting last week. As discussed, here is the scope document for the platform expansion project.',                               now() - interval '55 days'),
  ('a8000000-0000-0000-0000-000000000005', 'a0000000-0000-0000-0000-000000000001', 'a7000000-0000-0000-0000-000000000002', NULL,                                  'f2000000-0000-0000-0000-000000000013', 'inbound',  'Sarah, this looks comprehensive. Our procurement team will review. Expect feedback by end of next week.',                                      now() - interval '52 days'),
  ('a8000000-0000-0000-0000-000000000006', 'a0000000-0000-0000-0000-000000000001', 'a7000000-0000-0000-0000-000000000002', NULL,                                  'f2000000-0000-0000-0000-000000000015', 'inbound',  'Hi Sarah, Olivia from procurement here. We have a few questions about the SLA terms in section 4. Can we schedule a call?',                   now() - interval '45 days'),
  -- Thread 3: CSV ticket
  ('a8000000-0000-0000-0000-000000000007', 'a0000000-0000-0000-0000-000000000001', 'a7000000-0000-0000-0000-000000000003', NULL,                                  'f2000000-0000-0000-0000-000000000001', 'inbound',  'When I try to export reports with more than 10k rows, the export fails with a server error. This is blocking our quarterly review.',           now() - interval '2 days'),
  ('a8000000-0000-0000-0000-000000000008', 'a0000000-0000-0000-0000-000000000001', 'a7000000-0000-0000-0000-000000000003', 'b0000000-0000-0000-0000-000000000005', NULL,                                  'outbound', 'Thanks for reporting this Alice. I have escalated to our engineering team. We are investigating the memory limits on our export worker.',      now() - interval '2 days'),
  ('a8000000-0000-0000-0000-000000000009', 'a0000000-0000-0000-0000-000000000001', 'a7000000-0000-0000-0000-000000000003', 'b0000000-0000-0000-0000-000000000004', NULL,                                  'internal', 'Confirmed: export worker runs out of memory at ~8k rows. Need to implement streaming export. Estimated fix: 2 days.',                         now() - interval '1 day'),
  -- Thread 4: GreenLeaf intro
  ('a8000000-0000-0000-0000-000000000010', 'a0000000-0000-0000-0000-000000000001', 'a7000000-0000-0000-0000-000000000004', 'b0000000-0000-0000-0000-000000000002', NULL,                                  'outbound', 'Clara, it was great meeting you at DataConf. As promised, here are the case studies from similar analytics companies using our platform.',     now() - interval '28 days'),
  ('a8000000-0000-0000-0000-000000000011', 'a0000000-0000-0000-0000-000000000001', 'a7000000-0000-0000-0000-000000000004', NULL,                                  'f2000000-0000-0000-0000-000000000003', 'inbound',  'Thanks Marcus. These are very relevant. I shared with Sam (our CEO) and he would like to set up a demo.',                                      now() - interval '25 days'),
  ('a8000000-0000-0000-0000-000000000012', 'a0000000-0000-0000-0000-000000000001', 'a7000000-0000-0000-0000-000000000004', 'b0000000-0000-0000-0000-000000000002', NULL,                                  'outbound', 'That is great to hear. How does next Tuesday at 2pm ET work? I will prepare a demo tailored to your data pipeline use case.',                 now() - interval '24 days'),
  -- Thread 5: SSO ticket
  ('a8000000-0000-0000-0000-000000000013', 'a0000000-0000-0000-0000-000000000001', 'a7000000-0000-0000-0000-000000000005', NULL,                                  'f2000000-0000-0000-0000-000000000007', 'inbound',  'Our SSO integration stopped working after we updated our IdP certificate. Getting SAML assertion timeout errors.',                             now() - interval '5 days'),
  ('a8000000-0000-0000-0000-000000000014', 'a0000000-0000-0000-0000-000000000001', 'a7000000-0000-0000-0000-000000000005', 'b0000000-0000-0000-0000-000000000005', NULL,                                  'outbound', 'Grace, this is likely a certificate mismatch. Can you upload the new IdP certificate in Settings > SSO > Certificates?',                      now() - interval '5 days'),
  ('a8000000-0000-0000-0000-000000000015', 'a0000000-0000-0000-0000-000000000001', 'a7000000-0000-0000-0000-000000000005', NULL,                                  'f2000000-0000-0000-0000-000000000007', 'inbound',  'That did it. We uploaded the new cert and SSO is working again. Thanks for the quick help.',                                                   now() - interval '4 days');

-- =============================================================================
-- CONTENT (1 folder, 2 documents, 3 comments)
-- =============================================================================
INSERT INTO public.folders (id, org_id, name, description) VALUES
  ('a9000000-0000-0000-0000-000000000001', 'a0000000-0000-0000-0000-000000000001', 'Engineering Docs', 'Technical documentation and architecture decisions');

INSERT INTO public.documents (id, org_id, folder_id, author_id, title, body, status, published_at) VALUES
  ('aa000000-0000-0000-0000-000000000001', 'a0000000-0000-0000-0000-000000000001', 'a9000000-0000-0000-0000-000000000001', 'b0000000-0000-0000-0000-000000000003', 'Platform v2 Architecture', 'Overview of the v2 platform architecture, including service boundaries, data flow, and deployment topology.', 'published', now() - interval '60 days'),
  ('aa000000-0000-0000-0000-000000000002', 'a0000000-0000-0000-0000-000000000001', 'a9000000-0000-0000-0000-000000000001', 'b0000000-0000-0000-0000-000000000004', 'API Authentication Guide', 'Guide for implementing JWT-based auth with role-based access control in the v2 API.', 'draft', NULL);

INSERT INTO public.comments (org_id, author_id, entity_type, entity_id, body) VALUES
  ('a0000000-0000-0000-0000-000000000001', 'b0000000-0000-0000-0000-000000000004', 'document', 'aa000000-0000-0000-0000-000000000001', 'Should we add a section on the caching strategy? The Redis layer is a big part of v2.'),
  ('a0000000-0000-0000-0000-000000000001', 'b0000000-0000-0000-0000-000000000003', 'document', 'aa000000-0000-0000-0000-000000000001', 'Good call. I will add a caching section this week.'),
  ('a0000000-0000-0000-0000-000000000001', 'b0000000-0000-0000-0000-000000000005', 'task',     'a5000000-0000-0000-0000-000000000003', 'The v1 to v2 migration script needs to handle the edge case where contacts have duplicate emails across orgs.');

-- =============================================================================
-- BILLING (3 products, prices, 1 subscription, 1 invoice, 1 payment)
-- =============================================================================
INSERT INTO public.products (id, org_id, name, description, stripe_product_id) VALUES
  ('ab000000-0000-0000-0000-000000000001', 'a0000000-0000-0000-0000-000000000001', 'Acme Platform - Starter', 'Up to 10 users, basic features',           'prod_starter_001'),
  ('ab000000-0000-0000-0000-000000000002', 'a0000000-0000-0000-0000-000000000001', 'Acme Platform - Pro',     'Up to 100 users, advanced features + API', 'prod_pro_001'),
  ('ab000000-0000-0000-0000-000000000003', 'a0000000-0000-0000-0000-000000000001', 'Acme Platform - Enterprise', 'Unlimited users, SSO, dedicated support', 'prod_enterprise_001');

INSERT INTO public.prices (id, org_id, product_id, name, amount, currency, interval, interval_count, trial_days, stripe_price_id) VALUES
  ('ac000000-0000-0000-0000-000000000001', 'a0000000-0000-0000-0000-000000000001', 'ab000000-0000-0000-0000-000000000001', 'Starter Monthly',     2900, 'USD', 'month', 1, 14, 'price_starter_monthly'),
  ('ac000000-0000-0000-0000-000000000002', 'a0000000-0000-0000-0000-000000000001', 'ab000000-0000-0000-0000-000000000001', 'Starter Annual',     29000, 'USD', 'year',  1, 14, 'price_starter_annual'),
  ('ac000000-0000-0000-0000-000000000003', 'a0000000-0000-0000-0000-000000000001', 'ab000000-0000-0000-0000-000000000002', 'Pro Monthly',         9900, 'USD', 'month', 1, 14, 'price_pro_monthly'),
  ('ac000000-0000-0000-0000-000000000004', 'a0000000-0000-0000-0000-000000000001', 'ab000000-0000-0000-0000-000000000002', 'Pro Annual',         99000, 'USD', 'year',  1, 14, 'price_pro_annual'),
  ('ac000000-0000-0000-0000-000000000005', 'a0000000-0000-0000-0000-000000000001', 'ab000000-0000-0000-0000-000000000003', 'Enterprise Monthly', 49900, 'USD', 'month', 1,  0, 'price_enterprise_monthly');

INSERT INTO public.subscriptions (id, org_id, contact_id, company_id, price_id, status, quantity, current_period_start, current_period_end, stripe_subscription_id) VALUES
  ('ad000000-0000-0000-0000-000000000001', 'a0000000-0000-0000-0000-000000000001', 'f2000000-0000-0000-0000-000000000007', 'f1000000-0000-0000-0000-000000000004', 'ac000000-0000-0000-0000-000000000004', 'active', 50, now() - interval '30 days', now() + interval '335 days', 'sub_pinnacle_001'),
  ('ad000000-0000-0000-0000-000000000002', 'a0000000-0000-0000-0000-000000000001', 'f2000000-0000-0000-0000-000000000001', 'f1000000-0000-0000-0000-000000000001', 'ac000000-0000-0000-0000-000000000005', 'active', 200, now() - interval '15 days', now() + interval '15 days', 'sub_techvista_001');

INSERT INTO public.invoices (id, org_id, subscription_id, contact_id, company_id, number, status, currency, subtotal, tax, total, amount_paid, amount_due, issued_at, due_at, paid_at, stripe_invoice_id) VALUES
  ('ae000000-0000-0000-0000-000000000001', 'a0000000-0000-0000-0000-000000000001', 'ad000000-0000-0000-0000-000000000001', 'f2000000-0000-0000-0000-000000000007', 'f1000000-0000-0000-0000-000000000004', 'INV-2026-001', 'paid', 'USD', 4950000, 0, 4950000, 4950000, 0, now() - interval '30 days', now() - interval '15 days', now() - interval '20 days', 'in_pinnacle_001'),
  ('ae000000-0000-0000-0000-000000000002', 'a0000000-0000-0000-0000-000000000001', 'ad000000-0000-0000-0000-000000000002', 'f2000000-0000-0000-0000-000000000001', 'f1000000-0000-0000-0000-000000000001', 'INV-2026-002', 'open', 'USD', 9980000, 0, 9980000, 0, 9980000, now() - interval '15 days', now() + interval '15 days', NULL, 'in_techvista_001');

INSERT INTO public.payments (id, org_id, invoice_id, amount, currency, status, method, paid_at, stripe_payment_intent_id) VALUES
  ('af000000-0000-0000-0000-000000000001', 'a0000000-0000-0000-0000-000000000001', 'ae000000-0000-0000-0000-000000000001', 4950000, 'USD', 'succeeded', 'card', now() - interval '20 days', 'pi_pinnacle_001');

-- =============================================================================
-- CALENDAR (3 events with attendees)
-- =============================================================================
INSERT INTO public.events (id, org_id, creator_id, entity_type, entity_id, title, description, location, status, starts_at, ends_at) VALUES
  ('b1000000-0000-0000-0000-000000000001', 'a0000000-0000-0000-0000-000000000001', 'b0000000-0000-0000-0000-000000000001', 'deal',    'a3000000-0000-0000-0000-000000000001', 'TechVista Contract Review',       'Final contract review with Alice and Bob',            'Zoom',           'confirmed', now() + interval '3 days', now() + interval '3 days' + interval '1 hour'),
  ('b1000000-0000-0000-0000-000000000002', 'a0000000-0000-0000-0000-000000000001', 'b0000000-0000-0000-0000-000000000002', 'contact', 'f2000000-0000-0000-0000-000000000003', 'GreenLeaf Demo',                  'Product demo for Clara and Sam',                      'Google Meet',    'confirmed', now() + interval '5 days', now() + interval '5 days' + interval '45 minutes'),
  ('b1000000-0000-0000-0000-000000000003', 'a0000000-0000-0000-0000-000000000001', 'b0000000-0000-0000-0000-000000000003', NULL,      NULL,                                  'Engineering Weekly Standup',       'Recurring team sync',                                 'Slack Huddle',   'confirmed', now() + interval '1 day', now() + interval '1 day' + interval '30 minutes');

INSERT INTO public.event_attendees (org_id, event_id, user_id, contact_id, response, is_organizer) VALUES
  ('a0000000-0000-0000-0000-000000000001', 'b1000000-0000-0000-0000-000000000001', 'b0000000-0000-0000-0000-000000000001', NULL,                                  'accepted', true),
  ('a0000000-0000-0000-0000-000000000001', 'b1000000-0000-0000-0000-000000000001', NULL,                                  'f2000000-0000-0000-0000-000000000001', 'accepted', false),
  ('a0000000-0000-0000-0000-000000000001', 'b1000000-0000-0000-0000-000000000001', NULL,                                  'f2000000-0000-0000-0000-000000000002', 'tentative',false),
  ('a0000000-0000-0000-0000-000000000001', 'b1000000-0000-0000-0000-000000000002', 'b0000000-0000-0000-0000-000000000002', NULL,                                  'accepted', true),
  ('a0000000-0000-0000-0000-000000000001', 'b1000000-0000-0000-0000-000000000002', NULL,                                  'f2000000-0000-0000-0000-000000000003', 'accepted', false),
  ('a0000000-0000-0000-0000-000000000001', 'b1000000-0000-0000-0000-000000000002', NULL,                                  'f2000000-0000-0000-0000-000000000019', 'pending',  false),
  ('a0000000-0000-0000-0000-000000000001', 'b1000000-0000-0000-0000-000000000003', 'b0000000-0000-0000-0000-000000000003', NULL,                                  'accepted', true),
  ('a0000000-0000-0000-0000-000000000001', 'b1000000-0000-0000-0000-000000000003', 'b0000000-0000-0000-0000-000000000004', NULL,                                  'accepted', false);

-- =============================================================================
-- TAGS & TAGGINGS
-- =============================================================================
INSERT INTO public.tags (id, org_id, name, color) VALUES
  ('b2000000-0000-0000-0000-000000000001', 'a0000000-0000-0000-0000-000000000001', 'Enterprise',   '#7c3aed'),
  ('b2000000-0000-0000-0000-000000000002', 'a0000000-0000-0000-0000-000000000001', 'High Priority', '#ef4444'),
  ('b2000000-0000-0000-0000-000000000003', 'a0000000-0000-0000-0000-000000000001', 'Upsell',       '#f59e0b'),
  ('b2000000-0000-0000-0000-000000000004', 'a0000000-0000-0000-0000-000000000001', 'Strategic',    '#3b82f6'),
  ('b2000000-0000-0000-0000-000000000005', 'a0000000-0000-0000-0000-000000000001', 'At Risk',      '#f97316');

INSERT INTO public.taggings (org_id, tag_id, entity_type, entity_id) VALUES
  ('a0000000-0000-0000-0000-000000000001', 'b2000000-0000-0000-0000-000000000001', 'deal',    'a3000000-0000-0000-0000-000000000001'),
  ('a0000000-0000-0000-0000-000000000001', 'b2000000-0000-0000-0000-000000000001', 'deal',    'a3000000-0000-0000-0000-000000000005'),
  ('a0000000-0000-0000-0000-000000000001', 'b2000000-0000-0000-0000-000000000002', 'ticket',  'a6000000-0000-0000-0000-000000000001'),
  ('a0000000-0000-0000-0000-000000000001', 'b2000000-0000-0000-0000-000000000003', 'company', 'f1000000-0000-0000-0000-000000000001'),
  ('a0000000-0000-0000-0000-000000000001', 'b2000000-0000-0000-0000-000000000004', 'company', 'f1000000-0000-0000-0000-000000000007'),
  ('a0000000-0000-0000-0000-000000000001', 'b2000000-0000-0000-0000-000000000004', 'deal',    'a3000000-0000-0000-0000-000000000005'),
  ('a0000000-0000-0000-0000-000000000001', 'b2000000-0000-0000-0000-000000000005', 'ticket',  'a6000000-0000-0000-0000-000000000002');

-- =============================================================================
-- CUSTOM FIELDS
-- =============================================================================
INSERT INTO public.custom_field_definitions (id, org_id, entity_type, name, field_type, description, options) VALUES
  ('b3000000-0000-0000-0000-000000000001', 'a0000000-0000-0000-0000-000000000001', 'contact', 'LinkedIn URL',    'url',    'Contact LinkedIn profile URL', NULL),
  ('b3000000-0000-0000-0000-000000000002', 'a0000000-0000-0000-0000-000000000001', 'deal',    'Deal Source',     'select', 'How this deal originated',     '["Inbound", "Outbound", "Referral", "Partner", "Event"]'),
  ('b3000000-0000-0000-0000-000000000003', 'a0000000-0000-0000-0000-000000000001', 'company', 'Contract Renewal','date',   'Next contract renewal date',   NULL);

INSERT INTO public.custom_field_values (org_id, field_id, entity_type, entity_id, value_text) VALUES
  ('a0000000-0000-0000-0000-000000000001', 'b3000000-0000-0000-0000-000000000001', 'contact', 'f2000000-0000-0000-0000-000000000001', 'https://linkedin.com/in/alice-nakamura'),
  ('a0000000-0000-0000-0000-000000000001', 'b3000000-0000-0000-0000-000000000001', 'contact', 'f2000000-0000-0000-0000-000000000007', 'https://linkedin.com/in/grace-abadi'),
  ('a0000000-0000-0000-0000-000000000001', 'b3000000-0000-0000-0000-000000000002', 'deal',    'a3000000-0000-0000-0000-000000000001', 'Inbound'),
  ('a0000000-0000-0000-0000-000000000001', 'b3000000-0000-0000-0000-000000000002', 'deal',    'a3000000-0000-0000-0000-000000000002', 'Event'),
  ('a0000000-0000-0000-0000-000000000001', 'b3000000-0000-0000-0000-000000000002', 'deal',    'a3000000-0000-0000-0000-000000000005', 'Referral');

INSERT INTO public.custom_field_values (org_id, field_id, entity_type, entity_id, value_date) VALUES
  ('a0000000-0000-0000-0000-000000000001', 'b3000000-0000-0000-0000-000000000003', 'company', 'f1000000-0000-0000-0000-000000000001', '2027-01-15'),
  ('a0000000-0000-0000-0000-000000000001', 'b3000000-0000-0000-0000-000000000003', 'company', 'f1000000-0000-0000-0000-000000000004', '2027-03-01');

-- =============================================================================
-- AUTOMATIONS
-- =============================================================================
INSERT INTO public.automations (id, org_id, creator_id, name, description, trigger_type, trigger_config, status) VALUES
  ('b4000000-0000-0000-0000-000000000001', 'a0000000-0000-0000-0000-000000000001', 'b0000000-0000-0000-0000-000000000001', 'New Lead Welcome Email', 'Send welcome email when a new lead is created', 'event', '{"event": "contact.created", "filter": {"type": "lead"}}', 'active'),
  ('b4000000-0000-0000-0000-000000000002', 'a0000000-0000-0000-0000-000000000001', 'b0000000-0000-0000-0000-000000000001', 'Stale Deal Alert',      'Alert owner when a deal has not moved stages in 14 days', 'schedule', '{"cron": "0 9 * * 1", "check": "deal.stage_age > 14d"}', 'active'),
  ('b4000000-0000-0000-0000-000000000003', 'a0000000-0000-0000-0000-000000000001', 'b0000000-0000-0000-0000-000000000003', 'Ticket SLA Escalation',  'Escalate ticket priority if no response in 4 hours', 'schedule', '{"cron": "*/30 * * * *", "check": "ticket.first_response_at IS NULL AND ticket.created_at < now() - 4h"}', 'active');

INSERT INTO public.automation_actions (org_id, automation_id, action_type, action_config, position) VALUES
  ('a0000000-0000-0000-0000-000000000001', 'b4000000-0000-0000-0000-000000000001', 'send_email', '{"template": "welcome_lead", "to": "{{contact.email}}"}', 0),
  ('a0000000-0000-0000-0000-000000000001', 'b4000000-0000-0000-0000-000000000001', 'create_task', '{"title": "Follow up with {{contact.first_name}}", "assignee": "{{contact.owner_id}}", "due_in_days": 3}', 1),
  ('a0000000-0000-0000-0000-000000000001', 'b4000000-0000-0000-0000-000000000002', 'send_email', '{"template": "stale_deal_alert", "to": "{{deal.owner.email}}"}', 0),
  ('a0000000-0000-0000-0000-000000000001', 'b4000000-0000-0000-0000-000000000003', 'update_field', '{"entity": "ticket", "field": "priority", "value": "high"}', 0),
  ('a0000000-0000-0000-0000-000000000001', 'b4000000-0000-0000-0000-000000000003', 'send_email', '{"template": "ticket_escalation", "to": "{{ticket.assignee.email}}"}', 1);

INSERT INTO public.automation_runs (org_id, automation_id, status, started_at, completed_at) VALUES
  ('a0000000-0000-0000-0000-000000000001', 'b4000000-0000-0000-0000-000000000001', 'completed', now() - interval '10 days', now() - interval '10 days' + interval '2 seconds'),
  ('a0000000-0000-0000-0000-000000000001', 'b4000000-0000-0000-0000-000000000002', 'completed', now() - interval '7 days',  now() - interval '7 days' + interval '5 seconds'),
  ('a0000000-0000-0000-0000-000000000001', 'b4000000-0000-0000-0000-000000000003', 'completed', now() - interval '1 day',   now() - interval '1 day' + interval '1 second');

-- =============================================================================
-- ACTIVITIES (30+ records)
-- =============================================================================
INSERT INTO public.activities (org_id, actor_id, entity_type, entity_id, action, description, changes, occurred_at) VALUES
  -- Deal activities
  ('a0000000-0000-0000-0000-000000000001', 'b0000000-0000-0000-0000-000000000001', 'deal', 'a3000000-0000-0000-0000-000000000001', 'created',        'Created deal: TechVista Enterprise License',          NULL, now() - interval '45 days'),
  ('a0000000-0000-0000-0000-000000000001', 'b0000000-0000-0000-0000-000000000001', 'deal', 'a3000000-0000-0000-0000-000000000001', 'stage_changed',  'Moved from Lead to Qualified',                        '{"stage": {"from": "Lead", "to": "Qualified"}}', now() - interval '35 days'),
  ('a0000000-0000-0000-0000-000000000001', 'b0000000-0000-0000-0000-000000000001', 'deal', 'a3000000-0000-0000-0000-000000000001', 'stage_changed',  'Moved from Qualified to Proposal',                    '{"stage": {"from": "Qualified", "to": "Proposal"}}', now() - interval '20 days'),
  ('a0000000-0000-0000-0000-000000000001', 'b0000000-0000-0000-0000-000000000001', 'deal', 'a3000000-0000-0000-0000-000000000001', 'stage_changed',  'Moved from Proposal to Negotiation',                  '{"stage": {"from": "Proposal", "to": "Negotiation"}}', now() - interval '7 days'),
  ('a0000000-0000-0000-0000-000000000001', 'b0000000-0000-0000-0000-000000000001', 'deal', 'a3000000-0000-0000-0000-000000000001', 'email_sent',     'Sent contract proposal to Alice Nakamura',            NULL, now() - interval '40 days'),
  ('a0000000-0000-0000-0000-000000000001', 'b0000000-0000-0000-0000-000000000001', 'deal', 'a3000000-0000-0000-0000-000000000001', 'email_received', 'Received reply from Alice Nakamura',                  NULL, now() - interval '38 days'),
  ('a0000000-0000-0000-0000-000000000001', 'b0000000-0000-0000-0000-000000000001', 'deal', 'a3000000-0000-0000-0000-000000000001', 'note_added',     'Alice confirmed 200-seat requirement. Bob joining next call.', NULL, now() - interval '37 days'),
  ('a0000000-0000-0000-0000-000000000001', 'b0000000-0000-0000-0000-000000000002', 'deal', 'a3000000-0000-0000-0000-000000000002', 'created',        'Created deal: GreenLeaf Analytics Platform',          NULL, now() - interval '30 days'),
  ('a0000000-0000-0000-0000-000000000001', 'b0000000-0000-0000-0000-000000000002', 'deal', 'a3000000-0000-0000-0000-000000000002', 'stage_changed',  'Moved from Lead to Qualified',                        '{"stage": {"from": "Lead", "to": "Qualified"}}', now() - interval '22 days'),
  ('a0000000-0000-0000-0000-000000000001', 'b0000000-0000-0000-0000-000000000001', 'deal', 'a3000000-0000-0000-0000-000000000003', 'deal_won',       'Closed won: Pinnacle Finance Annual Contract',        '{"value": 8500000}', now() - interval '15 days'),
  ('a0000000-0000-0000-0000-000000000001', 'b0000000-0000-0000-0000-000000000001', 'deal', 'a3000000-0000-0000-0000-000000000005', 'created',        'Created deal: Orion Aerospace Platform Expansion',    NULL, now() - interval '60 days'),
  ('a0000000-0000-0000-0000-000000000001', 'b0000000-0000-0000-0000-000000000001', 'deal', 'a3000000-0000-0000-0000-000000000005', 'stage_changed',  'Moved from Lead to Qualified',                        '{"stage": {"from": "Lead", "to": "Qualified"}}', now() - interval '50 days'),
  ('a0000000-0000-0000-0000-000000000001', 'b0000000-0000-0000-0000-000000000001', 'deal', 'a3000000-0000-0000-0000-000000000005', 'stage_changed',  'Moved from Qualified to Proposal',                    '{"stage": {"from": "Qualified", "to": "Proposal"}}', now() - interval '35 days'),
  -- Contact activities
  ('a0000000-0000-0000-0000-000000000001', 'b0000000-0000-0000-0000-000000000002', 'contact', 'f2000000-0000-0000-0000-000000000003', 'created',      'Created contact: Clara Okonkwo',                      NULL, now() - interval '32 days'),
  ('a0000000-0000-0000-0000-000000000001', 'b0000000-0000-0000-0000-000000000002', 'contact', 'f2000000-0000-0000-0000-000000000003', 'email_sent',   'Sent post-conference follow-up',                      NULL, now() - interval '28 days'),
  ('a0000000-0000-0000-0000-000000000001', 'b0000000-0000-0000-0000-000000000002', 'contact', 'f2000000-0000-0000-0000-000000000003', 'email_received','Clara requested a demo',                               NULL, now() - interval '25 days'),
  ('a0000000-0000-0000-0000-000000000001', 'b0000000-0000-0000-0000-000000000002', 'contact', 'f2000000-0000-0000-0000-000000000003', 'call_logged',  'Intro call with Clara and Sam. Very interested in analytics features.', NULL, now() - interval '20 days'),
  -- Task activities
  ('a0000000-0000-0000-0000-000000000001', 'b0000000-0000-0000-0000-000000000003', 'task', 'a5000000-0000-0000-0000-000000000001', 'created',        'Created task: Design new API schema',                  NULL, now() - interval '65 days'),
  ('a0000000-0000-0000-0000-000000000001', 'b0000000-0000-0000-0000-000000000003', 'task', 'a5000000-0000-0000-0000-000000000001', 'task_completed', 'Completed: Design new API schema',                     '{"status": {"from": "in_progress", "to": "done"}}', now() - interval '50 days'),
  ('a0000000-0000-0000-0000-000000000001', 'b0000000-0000-0000-0000-000000000004', 'task', 'a5000000-0000-0000-0000-000000000002', 'task_completed', 'Completed: Implement auth middleware',                  '{"status": {"from": "in_progress", "to": "done"}}', now() - interval '35 days'),
  ('a0000000-0000-0000-0000-000000000001', 'b0000000-0000-0000-0000-000000000003', 'task', 'a5000000-0000-0000-0000-000000000003', 'assigned',       'Assigned to James Wright',                             '{"assignee": {"from": null, "to": "James Wright"}}', now() - interval '40 days'),
  -- Ticket activities
  ('a0000000-0000-0000-0000-000000000001', 'b0000000-0000-0000-0000-000000000005', 'ticket', 'a6000000-0000-0000-0000-000000000001', 'created',         'Created ticket: Cannot export CSV reports',         NULL, now() - interval '2 days'),
  ('a0000000-0000-0000-0000-000000000001', 'b0000000-0000-0000-0000-000000000005', 'ticket', 'a6000000-0000-0000-0000-000000000002', 'created',         'Created ticket: SSO configuration not working',     NULL, now() - interval '5 days'),
  ('a0000000-0000-0000-0000-000000000001', 'b0000000-0000-0000-0000-000000000005', 'ticket', 'a6000000-0000-0000-0000-000000000002', 'status_changed',  'Changed status from open to pending',               '{"status": {"from": "open", "to": "pending"}}', now() - interval '4 days'),
  ('a0000000-0000-0000-0000-000000000001', 'b0000000-0000-0000-0000-000000000005', 'ticket', 'a6000000-0000-0000-0000-000000000003', 'status_changed',  'Resolved: Billing invoice formatting',              '{"status": {"from": "open", "to": "resolved"}}', now() - interval '10 days'),
  -- Billing activities
  ('a0000000-0000-0000-0000-000000000001', NULL,                                  'subscription', 'ad000000-0000-0000-0000-000000000001', 'created',           'Subscription created for Pinnacle Finance',    NULL, now() - interval '30 days'),
  ('a0000000-0000-0000-0000-000000000001', NULL,                                  'invoice',      'ae000000-0000-0000-0000-000000000001', 'payment_received',  'Payment received: $49,500.00 from Pinnacle Finance', '{"amount": 4950000, "currency": "USD"}', now() - interval '20 days'),
  ('a0000000-0000-0000-0000-000000000001', NULL,                                  'subscription', 'ad000000-0000-0000-0000-000000000002', 'created',           'Subscription created for TechVista Solutions',  NULL, now() - interval '15 days'),
  -- Document activities
  ('a0000000-0000-0000-0000-000000000001', 'b0000000-0000-0000-0000-000000000003', 'document', 'aa000000-0000-0000-0000-000000000001', 'created',   'Created document: Platform v2 Architecture',   NULL, now() - interval '60 days'),
  ('a0000000-0000-0000-0000-000000000001', 'b0000000-0000-0000-0000-000000000004', 'document', 'aa000000-0000-0000-0000-000000000001', 'commented', 'Commented on Platform v2 Architecture',         NULL, now() - interval '55 days'),
  ('a0000000-0000-0000-0000-000000000001', 'b0000000-0000-0000-0000-000000000004', 'document', 'aa000000-0000-0000-0000-000000000002', 'created',   'Created document: API Authentication Guide',    NULL, now() - interval '45 days');

-- =============================================================================
-- ROLES & PERMISSIONS (sample)
-- =============================================================================
INSERT INTO public.roles (id, org_id, name, description) VALUES
  ('b5000000-0000-0000-0000-000000000001', 'a0000000-0000-0000-0000-000000000001', 'Sales Rep',    'Can manage contacts, companies, and deals'),
  ('b5000000-0000-0000-0000-000000000002', 'a0000000-0000-0000-0000-000000000001', 'Support Agent', 'Can manage tickets and view contacts'),
  ('b5000000-0000-0000-0000-000000000003', 'a0000000-0000-0000-0000-000000000001', 'Viewer',        'Read-only access to all resources');

INSERT INTO public.permissions (org_id, role_id, resource, action) VALUES
  ('a0000000-0000-0000-0000-000000000001', 'b5000000-0000-0000-0000-000000000001', 'contacts', 'read'),
  ('a0000000-0000-0000-0000-000000000001', 'b5000000-0000-0000-0000-000000000001', 'contacts', 'create'),
  ('a0000000-0000-0000-0000-000000000001', 'b5000000-0000-0000-0000-000000000001', 'contacts', 'update'),
  ('a0000000-0000-0000-0000-000000000001', 'b5000000-0000-0000-0000-000000000001', 'deals',    'read'),
  ('a0000000-0000-0000-0000-000000000001', 'b5000000-0000-0000-0000-000000000001', 'deals',    'create'),
  ('a0000000-0000-0000-0000-000000000001', 'b5000000-0000-0000-0000-000000000001', 'deals',    'update'),
  ('a0000000-0000-0000-0000-000000000001', 'b5000000-0000-0000-0000-000000000002', 'tickets',  'read'),
  ('a0000000-0000-0000-0000-000000000001', 'b5000000-0000-0000-0000-000000000002', 'tickets',  'create'),
  ('a0000000-0000-0000-0000-000000000001', 'b5000000-0000-0000-0000-000000000002', 'tickets',  'update'),
  ('a0000000-0000-0000-0000-000000000001', 'b5000000-0000-0000-0000-000000000002', 'contacts', 'read');

COMMIT;
